date,temperature,humidity,windspeed,precipitation
2021-01-01,8.19635675025959,60.76734643031471,7.229557653426488,0.1335429894491795
2021-01-02,7.842253699074942,71.60580839335819,1.8784363831916253,3.203037290889945
2021-01-03,8.54891840769396,46.904013962554224,4.651293681371307,2.1224951366284857
2021-01-04,25.446323555177074,87.00329588140815,0.1260702274134533,2.307601421042333
2021-01-05,14.43445184175649,52.582675100096004,3.209873509841631,0.5622031808289157
2021-01-06,19.211882912815156,75.29940815773236,3.2241238562469503,0.28013743641965994
2021-01-07,15.894481196838285,70.36752991831565,3.182012061089564,1.2032463038410217
2021-01-08,35.0,49.68370505754392,7.223559526541521,0.5522682058788031
2021-01-09,24.964200772421915,60.242635016821744,1.328234668056644,3.0371411604351595
2021-01-10,14.824306399086419,80.46206808600756,3.552257158450468,1.5184028065232293
2021-01-11,12.359783780682008,51.94682809540513,5.509639513400366,0.2832154242624565
2021-01-12,8.03460982837882,62.6591461383464,1.3695153856454074,0.43694983249494435
2021-01-13,5.267872659460813,37.41505220955035,2.2330533937018067,4.358123063082807
2021-01-14,3.030931977191358,65.39380390825302,6.230447708223543,1.9972664049716706
2021-01-15,24.82049829973566,53.93210842808426,6.689933642304684,1.023506953094253
2021-01-16,6.0499559637170774,67.85793051765918,3.1334511502468083,2.5514865083004037
2021-01-17,21.420342938816407,47.334369944276375,5.715011183562564,3.309637844010793
2021-01-18,9.964758841462217,64.7958148199166,7.113534577478022,0.24302929353338124
2021-01-19,7.489082779254917,54.74628225812251,3.185638479536279,3.6900801882121863
2021-01-20,11.697390994161351,20.431259165267083,5.5832974447384505,5.857850851254059
2021-01-21,,61.317967807935474,3.154389152237247,
2021-01-22,35.0,78.91614194101457,1.2935488627785645,0.7833444372937108
2021-01-23,11.335046118875098,43.55341884829818,4.0072325378925,0.3676888422213409
2021-01-24,10.418210139906664,50.33159612561786,3.511107672133202,1.1240728444841175
2021-01-25,24.55010227829858,79.88020600110288,2.146761971983954,0.4972280582118253
2021-01-26,16.526953772449648,68.34723931388879,3.321439141236363,0.9000681225827812
2021-01-27,,55.066200523672535,3.5463952868575626,
2021-01-28,19.907819451460078,64.43644621121176,4.557363797246486,0.007203841435992548
2021-01-29,22.675201166244857,50.61494356403591,6.079005554297911,0.03847043682192604
2021-01-30,12.599832336417114,97.0720582311858,6.081446705547337,1.446819574701415
2021-01-31,12.879380717266123,73.30300996368457,3.826943125987497,1.441370600285631
2021-02-01,32.14977333744509,85.63211053996528,2.9060320979091943,0.07348099734743946
2021-02-02,6.791485709884855,61.378701543019446,6.679742704771682,2.4043767385944266
2021-02-03,9.599652184704471,40.892470796241206,3.800619454584076,0.05450297041738184
2021-02-04,10.374598918340734,67.55007991647504,2.805783979654162,1.3332819278203663
2021-02-05,31.990546553386213,78.82668397997998,4.340323115443053,1.0057562930203636
2021-02-06,-4.766756203180844,79.45700592680171,0.348408029227528,4.291171482026299
2021-02-07,23.224099147775956,34.68507180799706,3.060632198818256,1.718237624567598
2021-02-08,14.705012902588683,63.1713547533806,2.9251816905858314,3.4566872200253584
2021-02-09,,36.031325749003926,2.420808368214625,
2021-02-10,18.556290997268604,51.21144940887977,4.760109648377946,0.3905770981270554
2021-02-11,-6.513873183048173,68.78131632857536,6.155083061193125,0.12961068858593505
2021-02-12,31.114885094335254,79.9707904540134,7.385110884133667,2.9786589081096237
2021-02-13,12.63990623839521,63.33725883961386,3.008569913293506,1.9971427807476652
2021-02-14,-5.406867182288306,42.783813466080844,3.4344331141906475,2.011029786865453
2021-02-15,10.945745830355136,68.99056152566187,2.6405659048525387,0.7603474810349905
2021-02-16,15.361026057455824,47.23692842327472,5.076247707234942,0.21615970702714002
2021-02-17,4.508498772025378,55.61518155654656,0.2649645904571991,2.554585883370831
2021-02-18,-0.3139606433091724,61.356608772717834,3.221618397237033,1.5676097986035125
2021-02-19,17.96591569338166,49.95217706611081,4.582969003000212,1.3922984452780083
2021-02-20,2.561815144139341,69.54676287038913,2.7537676869688914,2.663415724921012
2021-02-21,4.740458555909055,71.2868738326709,3.1420361774661205,8.951137732760067
2021-02-22,28.573367525589177,75.42278910123133,5.982746382729656,2.695889176389166
2021-02-23,11.694449801997912,81.37998651342458,3.886438728629961,5.454155036691198
2021-02-24,2.8279768714964693,57.85238645909934,6.389363643117061,1.0167694813851331
2021-02-25,6.0441756837268565,41.59567121161923,7.274683722186814,4.567123895906555
2021-02-26,18.86207525772929,43.04171946802948,5.061346733126627,2.5991180205536066
2021-02-27,19.219196894324984,86.02739112901307,3.4184618616597127,0.9294007896157274
2021-02-28,21.657130219881914,84.22934654402547,7.163297288531571,1.422326413254075
2021-03-01,23.04276998016908,80.07548328469616,0.0,0.45228723562585227
2021-03-02,18.335231855728974,51.21740213596107,0.8967032965193389,0.16967566478901872
2021-03-03,21.08021359747988,85.32156508379235,5.540705327591249,1.2600959550617383
2021-03-04,10.24385629124184,57.45473864914585,8.948528914086014,9.98608639248212
2021-03-05,3.8217996864880166,65.14614874771402,5.365073992172977,4.087361404786074
2021-03-06,28.579631082185003,72.3965311326521,4.369527306386047,0.033509975590010226
2021-03-07,23.802546380391803,78.91825569034259,3.067051973346888,7.002575675777876
2021-03-08,12.185641533009232,68.11845100625553,5.112418104410149,1.2657543457977511
2021-03-09,8.356336783273768,80.62515946688683,6.316191610817102,0.3942583745392107
2021-03-10,35.0,60.199259173091974,5.497485754332478,4.927451134722277
2021-03-11,,56.95690500504311,4.12563619879409,
2021-03-12,17.272297251394964,55.19490862396861,6.067011107321173,3.7535834377730244
2021-03-13,8.297589577749438,42.759400206913426,4.610067604628743,1.941935149912327
2021-03-14,10.888100776211513,20.0,5.020088413180253,0.5399113999766063
2021-03-15,7.49768658377477,75.62137544476865,5.941516163426806,0.5514076688981423
2021-03-16,,56.48828246839771,2.1318229250263645,
2021-03-17,,71.14716457208651,3.9552159833291545,
2021-03-18,,68.97418681558379,4.22770702198906,
2021-03-19,8.353753612702972,62.3714318636212,1.598539074711948,2.7953374378293763
2021-03-20,35.0,74.16725303123822,1.8205731775840412,3.468829923396101
2021-03-21,17.83300645747499,76.07258041919663,2.748276516671286,1.059978733950628
2021-03-22,16.67274499840087,45.72416809026272,6.0832602382978695,1.007137881232391
2021-03-23,18.86950570947655,82.9939420999062,3.608621917121678,0.8831825018073192
2021-03-24,9.070265416660321,72.96547163597243,4.259927570048726,0.9832705127034581
2021-03-25,5.223928834259444,46.866161986425425,4.6168330484620705,2.840166242685489
2021-03-26,7.3865456820211115,50.26169416669926,5.2623295099675484,0.12788769400042646
2021-03-27,9.549117011913497,41.35697767400901,5.002274350581978,3.2204626749546206
2021-03-28,20.606463355397146,69.41712555251841,4.134961831566547,0.4836907306932486
2021-03-29,11.222053200536795,57.3472192124303,3.723173477309074,0.35221038805428173
2021-03-30,21.187294267142924,22.606748152888937,6.1890717216885855,0.25742174257828193
2021-03-31,2.3840844126964034,51.68537637519964,3.014232643285323,0.5372526299675012
2021-04-01,,54.28628388578222,6.7202674623614715,
2021-04-02,7.877063241412076,61.58510166087957,2.8583721395224453,1.544261401766816
2021-04-03,-10.0,36.91236194019933,3.432663926729157,0.626589319053623
2021-04-04,10.420327299404784,61.749765906309705,5.4166364618705725,0.4114574048904938
2021-04-05,4.623939512467552,82.51100781593573,8.730575902976618,2.935335966259861
2021-04-06,19.57117230764179,62.80511338064949,0.12762717265110401,1.4084042448477205
2021-04-07,22.326160935850538,68.84173446276812,5.731615709768253,0.2563037904194981
2021-04-08,0.9973949879141775,83.45075869051496,4.945265918703696,0.940660011944688
2021-04-09,12.545556344619232,58.581847197157586,3.093283729160862,1.1774509396835222
2021-04-10,2.202806532052113,58.097783749746974,4.718354168225138,0.8737609306674496
2021-04-11,18.244866743368817,65.17279149797348,1.5981862615591567,0.6162766244214972
2021-04-12,8.129673834016657,46.727181371865,2.414225493149746,0.7980912436144232
2021-04-13,9.659526993950582,49.58159854663161,4.8559786899906285,2.6862239163259103
2021-04-14,12.832062479875905,29.41197051187521,1.9833978923678997,6.1172058276688235
2021-04-15,17.859162088438847,94.32517880577583,4.302002646365375,0.05236909405834207
2021-04-16,15.551020763940741,72.46053230146146,2.6723662818650498,1.971382213772372
2021-04-17,18.93202132002337,45.7900429209413,3.093250582629639,0.1511432001583086
2021-04-18,22.187693955115204,75.35785767651949,6.151638154169479,0.45172507783977456
2021-04-19,13.668883726351796,47.879304011535865,1.669775489043492,1.5722886335777468
2021-04-20,4.644062375113432,61.02083663832941,3.9323812733311088,3.159042289348457
2021-04-21,-1.0129727020288204,60.9447714407819,4.957057979074553,1.1439055562692737
2021-04-22,7.371655509225322,53.30736476568704,4.51607759439745,4.2317179955809765
2021-04-23,17.24845561845269,47.80757039457809,2.816672123020309,2.515905363985452
2021-04-24,1.1691615739601668,78.1282152593471,4.730580097285818,0.4307050652536153
2021-04-25,,61.26744053962054,1.9405863066570097,
2021-04-26,4.491131310850502,85.22899412162859,3.0261310208522305,0.766591708069119
2021-04-27,13.870928947420625,44.38571903588187,7.181393657497587,2.910940600372599
2021-04-28,29.763252341696877,52.90775779093287,5.278754386024166,0.5242971718786917
2021-04-29,13.177546025755163,59.31477727529356,4.005522978849665,0.31213450883164645
2021-04-30,4.079134920381458,76.54816184592201,4.899884942154185,2.030826514443625
2021-05-01,-10.0,48.16181581621833,2.3876002731854236,1.9174630182534829
2021-05-02,19.06151796825761,68.56938086844615,4.562608057400116,1.7043369263350545
2021-05-03,18.101907347441657,65.14375820400542,3.0972799059760336,0.5572938651529347
2021-05-04,20.76086594503352,81.42668258430663,2.840091651576473,0.46129629824966073
2021-05-05,16.130906549080834,67.46959297306414,3.7522015569898235,4.870884568022269
2021-05-06,9.635177895850145,33.05515653723958,2.7973024811444938,1.5213953155824145
2021-05-07,7.136323177327951,44.79128470869535,4.282324775468663,1.0435595978931749
2021-05-08,15.417241139380529,45.5509273782773,4.83301005422887,3.4236167018454133
2021-05-09,,53.21262127503791,3.454301188786139,
2021-05-10,-10.0,79.86592413494984,0.0,2.2539943601447403
2021-05-11,24.386919258627543,56.022184300957264,2.262807196140111,0.31897517347462817
2021-05-12,12.095017582379505,60.517983534461884,1.8366818784193,0.51271034786736
2021-05-13,,56.62569262571473,4.740588612750956,
2021-05-14,21.952395041246003,68.08261640129813,2.5407267022556184,0.6561475230771685
2021-05-15,13.292279627386844,49.172260559226046,2.9982859965208313,3.010435595927911
2021-05-16,17.25791494096726,57.44101860468585,5.679467697236111,1.4620273158535697
2021-05-17,-1.3388823018813278,57.25950634559149,2.438920122441285,0.7801098763585179
2021-05-18,12.225789510856764,58.93624851909399,4.405727718669819,3.999521624431889
2021-05-19,20.064056399106715,51.51313455188798,2.7643936274842824,1.982219854079567
2021-05-20,11.083538350699724,39.97472763173108,3.0579003883244784,1.0938122841045794
2021-05-21,11.683634756526558,73.98964694854553,1.6728854903662453,1.208141881056275
2021-05-22,16.640459732857877,58.25391952211051,2.9574316597539214,0.6255138811021502
2021-05-23,19.310998134536216,76.92768126442306,5.015412560377284,0.22964441849024173
2021-05-24,30.21659487164812,67.19205833255216,2.069891007010315,0.7207420990183605
2021-05-25,19.39557973933729,67.72009723254014,2.5689420225626005,0.61389724202871
2021-05-26,28.51515831818548,76.96004895249926,8.379932635181689,0.8180412318113209
2021-05-27,14.029912370747905,98.9685873160814,4.513403630107134,1.2666166462189747
2021-05-28,-8.685517813653703,79.55596820428555,4.676801324344964,0.13021675799930008
2021-05-29,10.718951331591615,73.29596493472229,2.7476172769628144,0.22409721650542866
2021-05-30,6.899174945245308,64.38457281831062,6.084400370552401,2.6144738275345376
2021-05-31,14.369502336526898,78.88223606377441,6.40992751477993,0.4052081100776318
2021-06-01,11.788241522935257,48.80211330553097,2.7900612509133067,0.8279166474353329
2021-06-02,17.63401955199007,68.77129552306985,6.137335705072991,2.026412650997643
2021-06-03,8.296621190729631,79.15817075307402,6.679628771531223,7.539704328396241
2021-06-04,17.156889430868663,74.28585184518427,0.0,0.28541205435108297
2021-06-05,18.697137905105237,58.85713668097908,5.71931466634233,2.8324250246663434
2021-06-06,15.354196523999391,66.83148687340723,2.471612326614193,1.3517144843834925
2021-06-07,0.3670682029702066,55.06269940162941,6.651041849261974,0.19691271278109074
2021-06-08,23.937656271349407,48.47655307685642,2.3987778500386168,0.37021165527939714
2021-06-09,21.19732959393294,81.76190167557353,5.21396016125767,2.369970879358976
2021-06-10,13.086888774993003,53.48670897376107,0.480963952430149,4.231552955883638
2021-06-11,-3.11148097200477,53.359781501940695,6.231068319568947,0.024395304834313455
2021-06-12,18.02018928033199,53.690204307159725,4.146939525142213,0.5042059447250855
2021-06-13,9.720925578645849,49.56152329194969,6.5826161243284265,0.8862230071780598
2021-06-14,9.504652028549177,49.12909444503609,2.5669752638360133,8.983424187981385
2021-06-15,14.21748041566657,34.12118367645777,4.4264416005865055,2.1122383931612827
2021-06-16,29.55305586026682,36.717914058170955,7.0381538491857665,0.8951412608781444
2021-06-17,16.469384702340168,57.110117727770174,3.948484687207635,0.4505033189268299
2021-06-18,13.893379748195542,66.84602173975254,4.85931475683196,0.5143696269575933
2021-06-19,9.7851586428046,34.857262542164044,5.39866407816316,0.10149786061803692
2021-06-20,15.31100452266175,62.728377042609274,0.8958962947604654,10.46558118430724
2021-06-21,14.988710803921927,79.24639817631042,2.957805119139203,8.061200066084623
2021-06-22,21.030285543076275,52.92734184388226,6.2757553647183855,0.02250095903889721
2021-06-23,9.685229420812389,45.16055842094819,0.0,0.6316130803420192
2021-06-24,6.879457490627631,59.09812692876835,6.236155052915066,0.04131585186759767
2021-06-25,10.571348125257526,67.78804890047309,2.8225653037357255,0.7183250905629642
2021-06-26,,51.61064470442455,8.110543990657753,
2021-06-27,14.787654532359936,74.29297786504594,4.873752701407513,4.1552722861359195
2021-06-28,14.902441201877865,67.03980996697956,2.3989459123057255,2.3100153621250974
2021-06-29,5.0905156535684295,85.96560609518386,5.9589305802007075,8.707598835648513
2021-06-30,14.145514890677136,34.778856311762574,6.866465781490956,2.740930270646545
2021-07-01,21.836291303520092,38.824250519185455,5.208380738222532,0.5526097543722194
2021-07-02,27.722533209938785,53.72327388203057,3.108166102365127,3.6029235239167487
2021-07-03,24.84417468663068,39.91366396462974,6.876556625418358,1.4182754878525405
2021-07-04,14.392233350544338,83.60837987478921,2.14217631129426,1.4022177709044388
2021-07-05,13.416890576176545,63.49266085415405,6.14306531904399,3.578648023358586
2021-07-06,27.430459098176797,55.05134098682188,0.0,1.5286019974001057
2021-07-07,13.901271659273341,83.3053470108351,4.235270170846627,0.7928248828630278
2021-07-08,23.671184111769115,64.38889294419238,2.883619853227955,5.282990349507879
2021-07-09,14.709039507589745,56.86706759318012,1.2552382204705315,0.15283401795429846
2021-07-10,,48.275017482669796,6.609771752311246,
2021-07-11,21.640199885720822,68.33716799398738,0.0,3.0782752785364558
2021-07-12,,67.8333326161226,6.767632579051471,
2021-07-13,11.719316291470593,70.22744720645497,0.9344529152053171,0.5341118557574943
2021-07-14,3.4270913653217416,72.09251146446933,6.106707517884018,0.5052491201130256
2021-07-15,30.21595052990753,81.75848075424422,2.441363270748121,4.401349375901976
2021-07-16,13.541435772723062,47.58041611216743,0.09257194187326467,2.1014142646658795
2021-07-17,11.562228321456068,93.55169078901172,3.0943587934346612,0.4891107246065321
2021-07-18,,87.0004913412504,5.127709473169657,
2021-07-19,35.0,85.75876033219488,2.2032683801005866,0.5586251869061521
2021-07-20,19.841126631581595,56.90700601431739,4.5204883689285325,2.169532842601835
2021-07-21,16.782530246055668,49.29031194781166,5.379588497321839,1.2045115183876758
2021-07-22,15.697802255666947,61.57367281902269,6.986064971950256,0.20542112736636012
2021-07-23,31.54105798470763,64.25170861495722,4.126503574100939,2.79874551037725
2021-07-24,20.273247157168573,72.85821304663433,6.3314849249969125,0.7940768277653898
2021-07-25,23.63816872775555,57.536457614724114,5.698551324915182,0.8926101491659968
2021-07-26,18.039304799537867,73.82022357063843,3.815269648582037,0.48304773130070877
2021-07-27,20.35857742151699,54.78834571633047,6.294250710502309,3.2620186215892417
2021-07-28,12.216034848252727,60.71623785373478,5.788120930538416,0.34876399156240007
2021-07-29,16.693256069834447,70.84206657106404,3.6678029788191293,0.4923667392375801
2021-07-30,8.138781422305742,61.82626434715892,5.426927129117039,1.044051418438381
2021-07-31,9.919729485768043,49.862407009860085,4.543415020272418,0.3222722256694407
2021-08-01,19.904423270851556,46.470927127199474,5.0961236936725545,0.23937724284537787
2021-08-02,7.964041542694567,75.97747419467385,7.765479765015933,1.4749968314787083
2021-08-03,16.305044396768157,67.44393718330183,2.3914847568948705,6.1391944836300185
2021-08-04,11.323707968635226,80.80992143183629,4.509395084989693,3.236735808052795
2021-08-05,3.7587804893427967,77.17774739707251,4.06121408258991,0.3898639227753135
2021-08-06,,55.77601072302927,5.576471264399241,
2021-08-07,22.754632600668558,75.10021843968138,3.096221618460084,3.1555078464969837
2021-08-08,1.847768575198192,65.28662680665686,2.8671636987715012,0.3131615641494973
2021-08-09,21.089555751724536,58.296550753333484,3.871306400144409,0.17093070216199735
2021-08-10,3.8494489177091062,99.74965653500968,4.950091463218687,4.43474035743946
2021-08-11,28.555558184119185,95.18971561631194,3.085790652225558,0.5621912146860731
2021-08-12,20.670600384882643,69.75662360407074,0.0,1.3778240879423345
2021-08-13,1.8472809965827275,47.25082286814381,2.095698114632741,0.46827111301244995
2021-08-14,23.529745130737403,52.82392447051694,6.828950637811856,0.09765904688344457
2021-08-15,8.867595761063367,51.87122297809664,7.093851079130539,1.4398466634074956
2021-08-16,5.345597956347107,72.21412463566436,3.007461132196349,1.142144083937907
2021-08-17,22.217600860058532,65.76054005693351,7.594953553811925,2.5927904049369466
2021-08-18,27.067625755010894,55.31650235342893,3.3468456234408244,3.8956394800604266
2021-08-19,19.76319406467084,90.99471705730404,0.9300580339086499,0.30542846628520076
2021-08-20,11.28368285180251,53.55440508900086,3.387884659209501,0.37663416920702586
2021-08-21,16.695620551780998,87.95510061154243,5.4508085132652,6.0016180593341275
2021-08-22,9.178430205108919,77.56213501695872,2.86939564510858,1.0823938632885934
2021-08-23,13.256204833378039,69.65981460156365,5.206702114826175,6.1027308279784975
2021-08-24,19.080732972075786,48.316585645124164,4.533794641357362,0.8262718626072033
2021-08-25,,84.06405926835424,3.4271471725828544,
2021-08-26,19.463096735224372,89.59479889846357,5.552672017619026,2.4550503829404047
2021-08-27,0.8753034959292894,63.542642462065494,6.4582515829109415,0.20398931566399142
2021-08-28,2.2624246578473906,78.71615944666435,4.363501209991752,1.0653507958199346
2021-08-29,21.538512688967636,61.47315608149293,5.179415342620011,0.9576260083180009
2021-08-30,6.559396636522077,82.57527212036686,1.08708488978588,0.07195932480619459
2021-08-31,5.089376329466749,45.7751294190273,6.783039505306422,0.7497295859848762
2021-09-01,12.043956595273334,74.84044408539464,2.934009139288449,1.0166878247791067
2021-09-02,9.086246748685571,22.220210772197454,2.276599280037416,0.11948578349724853
2021-09-03,17.313847974631166,42.45240898508735,5.773518773203262,0.04069302282804287
2021-09-04,16.74665641779095,44.10622415155441,3.232407891680027,1.8319041060591448
2021-09-05,5.144171335507775,60.20609243198989,2.611523722576735,0.46093821961902554
2021-09-06,-2.1096213659772256,46.74286911414722,3.4127903763586662,0.900626680882637
2021-09-07,,46.85713098140921,1.5679210049291679,
2021-09-08,26.00521587181418,57.309778081206225,2.590366689839332,0.21271584187099996
2021-09-09,14.341708621008252,58.08485668974027,6.044591340587813,0.3355105773935187
2021-09-10,11.523975100449691,42.703118681351704,6.331520989731153,0.06052803792345867
2021-09-11,32.303602608488845,39.853905146591096,4.130860647126567,2.8741962875514258
2021-09-12,22.526072861114276,47.23450632479991,2.6410952843906585,4.732241451549612
2021-09-13,-2.2763567387362738,75.02958938902239,4.8276301552278715,1.476886329433292
2021-09-14,12.210298644361794,99.55505451370965,0.20727358518738503,3.3903238330217333
2021-09-15,17.230621337019695,81.89342069541566,6.34198476098263,0.29133103515826253
2021-09-16,4.323674509818643,54.6423593954831,3.8607184764687066,1.193041056742927
2021-09-17,12.070880447964566,66.24443431212451,1.9312519319559587,0.30862001919674764
2021-09-18,15.212961001487686,59.9760583150641,6.974255261918355,10.715022619806241
2021-09-19,12.762748303193955,57.85477722788426,4.085183908931851,0.11978088479228824
2021-09-20,2.892045895972688,61.64515982637879,3.1475719754748743,1.1739535832183725
2021-09-21,29.682070934746232,64.15758134581321,8.099216347343077,0.23812944772840022
2021-09-22,17.66822004681764,33.80701626027509,2.949233130804805,0.1422674853313863
2021-09-23,6.407892376684389,50.71109066173433,5.497324486369185,2.6559024359025822
2021-09-24,23.760884717773774,59.36207153118411,5.386559004179931,0.1670406925532184
2021-09-25,14.189965039488602,95.76560499482635,2.305038461767654,0.04849217929360595
2021-09-26,24.917542645225325,69.5563119856827,3.7206637466164945,5.977394005738174
2021-09-27,13.957065811621645,76.52968547897606,3.4959425025781834,0.4085589426327312
2021-09-28,,58.34608974207552,0.4665582294745856,
2021-09-29,4.328102930075732,81.58493769091864,0.07192328107800394,6.114394415180694
2021-09-30,26.41081971477992,64.26413002659211,0.0,2.7884297056698615
2021-10-01,25.32762377310985,72.38620930153084,3.100408770372329,0.219206641971878
2021-10-02,1.7065897108874495,62.62740270166583,2.013431069711185,0.37380190234030564
2021-10-03,28.930373746536745,68.28073922260165,2.1365937851258545,0.3947887513736596
2021-10-04,25.257818953960385,52.86440930322486,3.1585151657870982,2.1222949282389907
2021-10-05,,87.44615530895187,4.007347808314099,
2021-10-06,,52.77513540346276,3.3745937416233147,
2021-10-07,,45.769132732594045,2.59059299209599,
2021-10-08,7.992393241167036,62.40510816943254,7.861890689223419,1.77869833020921
2021-10-09,12.885569652235617,88.0968725036104,3.59781490819564,1.2338806235777549
2021-10-10,18.093094624770693,49.753105498962185,5.996755334665162,1.3433446682829169
2021-10-11,13.8423054264509,57.28370461015726,1.5269244190394025,1.2206455004657297
2021-10-12,16.387491341542276,63.843788097299885,6.6703857620143765,0.6169558449311628
2021-10-13,5.318083002660655,40.13979057096558,2.9030564244372004,6.2423789806805186
2021-10-14,18.238489645062284,39.36677434898357,9.603146560128279,3.6413771239447876
2021-10-15,31.831504497720832,76.87797576554362,1.3763111171644877,0.779732089075756
2021-10-16,19.39445750354123,61.132768865054366,1.8659033786163364,0.0809622900201976
2021-10-17,15.339076084294222,44.095338626809564,3.6225455596538048,3.9038210294555546
2021-10-18,,55.29541181800301,3.2903127071554303,
2021-10-19,11.434914139203993,51.61022620345479,1.6547156798351166,0.16948035335060302
2021-10-20,1.8788828944489966,60.11893320665924,6.947879773692689,2.3947537193350747
2021-10-21,0.5436880901831587,62.948615544435526,6.737553297747407,1.2052033780259168
2021-10-22,14.299375497106675,27.774701115881037,3.3191979768204862,0.27933193980740556
2021-10-23,20.544150904498288,80.01022141058286,6.019275263042359,2.579888258402701
2021-10-24,6.443402382767383,61.10733408181065,6.844334869490725,0.8791864365856467
2021-10-25,26.957569994981764,50.424525342920646,3.9807691385591313,4.82566577992503
2021-10-26,9.391611895114695,73.26495418590389,2.6606062383188505,0.0876676750127136
2021-10-27,14.10078047696721,44.48265963661922,6.563666148589163,5.539634859841359
2021-10-28,24.454794313931536,55.28563562217897,6.252238004273167,0.18418352686613484
2021-10-29,11.869221307864041,41.75169276651357,1.4934021464698888,0.07364156244793654
2021-10-30,21.275805905483132,71.16582291624462,6.832098218924738,1.7435735022217969
2021-10-31,20.72661979276206,77.90348022588542,1.9597592493154545,1.8860730655511817
2021-11-01,8.260699736373972,65.76125327067639,4.758119364320841,0.44041804817335106
2021-11-02,8.529468053738558,57.1639391150241,2.3678829716717633,4.174751492301839
2021-11-03,27.22373111745928,40.864191920459696,4.328169890075921,3.2392420773981763
2021-11-04,28.199479209218914,53.1393273498086,4.231278383926126,0.6641835052752126
2021-11-05,21.25537405706917,63.47660821708407,8.464293343434484,1.170650193258336
2021-11-06,6.322663052252327,51.382507571459115,0.7562357341360215,3.058620528942769
2021-11-07,23.68477185562792,53.176111290982846,2.458861658648218,3.5838613398620924
2021-11-08,,43.1674498706877,3.069204400909478,
2021-11-09,2.3133154469029216,48.849960585897996,4.657748455240308,0.6237366284800661
2021-11-10,8.633043497381895,38.00171191258863,3.3760068087901267,2.899048123044694
2021-11-11,12.762732471687611,64.1490227979764,0.0,2.0026269107556334
2021-11-12,25.86549389352611,60.74715367639577,5.473994822545464,1.4940904789073315
2021-11-13,,61.41762276114232,6.669574713654004,
2021-11-14,5.342496805398767,54.59087636575745,4.865202295673708,1.8227670568049739
2021-11-15,10.172450178970262,51.14000110332544,3.087100560933135,4.0611177025784055
2021-11-16,13.781086333854534,55.53127889769148,4.409376085082686,2.791381857383456
2021-11-17,21.730249815574982,53.605438012243376,1.5662148028472762,0.09226421532554463
2021-11-18,20.704239151524067,62.29785015906785,6.122352435363876,0.6210338329998266
2021-11-19,,87.4947436654092,4.99500847028711,
2021-11-20,11.441844804233261,57.16215766959406,2.9330773349220935,1.1535594205375426
2021-11-21,,51.12118947815827,4.164017051376926,
2021-11-22,6.296034371788702,56.26097662610602,6.062682759450485,1.7523045582767645
2021-11-23,7.195543134112558,52.61582512457403,6.328949858744184,5.29252916707923
2021-11-24,,52.55632339695809,3.8513517411701725,
2021-11-25,21.831767787420926,51.23469800472335,8.293075094314569,4.560893796067827
2021-11-26,13.227933786241483,70.27500989121239,6.7361063825449925,1.5406684067270044
2021-11-27,,70.08166240475076,5.0558187901307825,
2021-11-28,19.631873348328607,73.53553738940377,3.2090832134395386,0.9893417607278749
2021-11-29,4.031804291667638,76.71125951520139,3.269779141701812,6.93651559703109
2021-11-30,4.165684992918617,54.531105361660316,4.401134282437383,6.411883229005045
2021-12-01,11.067508060207818,36.48445356940213,3.779382843928612,0.04444869747185399
2021-12-02,8.070092140103691,89.54354123550198,7.4007605780758805,0.7346324791763533
2021-12-03,9.033274989789447,26.1373814590798,2.12594204445834,4.5919150900420815
2021-12-04,14.048709061083809,54.87513954072966,5.011415582193921,0.06611996307018803
2021-12-05,,38.60200899145017,0.0,
2021-12-06,-10.0,66.04236633280382,4.754316735292043,0.9819851754846994
2021-12-07,15.95601567567359,45.64699382578373,5.743816009279177,0.2439056805332082
2021-12-08,,76.97421415480422,6.880728912046708,
2021-12-09,17.25621004349979,63.487004988726085,2.817088754302733,3.3022148413570562
2021-12-10,8.590645599739076,82.6711713838933,2.5759649211095352,12.926124353440832
2021-12-11,8.645810206405686,61.52368464964656,6.046659997759342,0.28730127603812095
2021-12-12,,77.38918050736612,6.389972714900324,
2021-12-13,25.685695445126612,43.71580833274165,3.545831844304437,5.188798441806884
2021-12-14,10.832031806154113,74.77611133311723,0.0810150738487887,4.599413225027801
2021-12-15,26.108313117383283,57.97466567036437,1.8824272852559352,0.9669341830493635
2021-12-16,24.77101948629133,63.56817686990011,3.815032345868665,4.016461266582319
2021-12-17,11.61622763532122,73.91269391478002,1.1639785997584906,0.42536601580086075
2021-12-18,9.88958437474637,65.79846023141538,5.457455832917551,2.0000085827419167
2021-12-19,10.238164482279428,48.140943960011214,2.45467697697124,1.8226054973465613
2021-12-20,13.559332030696925,52.65793408662,3.855284784760972,3.0546516488776025
2021-12-21,9.411540902201477,44.13507114565334,6.189524993910757,0.5201237126690081
2021-12-22,22.3571365462268,70.72955659697915,4.735275499178822,1.9823057565250741
2021-12-23,8.542913224209276,54.814394799267184,7.888747355319403,1.885397397542256
2021-12-24,23.63035859816848,53.26825931770076,6.795524658089965,0.17596635495194024
2021-12-25,5.675052507749847,63.037846621487645,1.9222255531174794,0.8027229934522019
2021-12-26,-1.6739388659261611,56.446215208678396,5.185833118463668,0.4649692045731125
2021-12-27,-2.9714800295497734,77.53366901602408,4.3058148866788954,15.608379348471603
2021-12-28,9.596531622674563,71.77625272233192,6.37433703087623,9.33403139884751
2021-12-29,6.924246058231311,70.84352037536408,5.046729598459803,0.5818608400206396
2021-12-30,6.472545392618587,53.77124606935043,3.0005004878924897,3.3059517119064386
2021-12-31,24.83010512533899,70.64724230435708,4.952153465232776,3.3906750176926943
2022-01-01,7.684823428144667,67.55106390908756,3.2619610019033054,5.494729348126293
2022-01-02,-4.655941030860518,41.756684382006284,2.707423109952616,0.27662006119904353
2022-01-03,20.647445005404002,56.307756616715025,3.7773263063094538,2.20280859394438
2022-01-04,28.360673039552225,57.430456627670544,4.497548264521043,0.4610559529511782
2022-01-05,19.4986054566496,82.43230443719524,6.600479083130352,2.143898313762962
2022-01-06,,53.70296019318584,3.0066826805798277,
2022-01-07,16.71597639565731,67.23620259908483,0.16665228043568892,0.16947002990510035
2022-01-08,6.966823975150859,79.51450200748337,3.6059007060458015,2.026672544615282
2022-01-09,5.2839375453850925,46.16169060325374,4.512730705501219,1.5426736360371094
2022-01-10,13.023849567080433,64.1911001939428,4.364749283024387,0.38619096711980894
2022-01-11,14.430207978840091,90.48695907010722,3.4925468927035963,0.5424536633640127
2022-01-12,12.972143049100584,36.468466187125934,5.8992251753956575,1.4700272086854502
2022-01-13,31.71661887395218,50.89760297628317,4.624664345944057,3.9392680591599842
2022-01-14,15.427921981647634,64.09378860890732,5.206023938780665,2.248978399137656
2022-01-15,24.59740111481866,65.46497234282883,0.326078469392999,0.0556655251105999
2022-01-16,35.0,62.361151539923455,3.6526955929710017,0.2697967189145205
2022-01-17,10.264570049022026,68.18571347052169,3.7216956224132005,4.285387910590906
2022-01-18,16.485843069159216,78.91435250185013,7.367839966913101,2.114739653232812
2022-01-19,23.169735687081523,60.81370207505964,3.78757603065844,0.03645593860643017
2022-01-20,16.22061790164478,58.88634513315963,2.6796981989438207,1.813403095006794
2022-01-21,12.22889480805219,68.91947667784252,2.562271495014291,0.369232631746758
2022-01-22,35.0,89.84917117276542,5.958468045858421,5.049633015791672
2022-01-23,26.983481555145712,68.99955482515107,2.8390785146237993,0.26117355755841204
2022-01-24,,75.58236198181218,2.294121512902919,
2022-01-25,28.57344749913166,36.402125655348996,5.833436393099378,2.0701870238991478
2022-01-26,31.003392885011827,57.30609650733136,4.78389043219819,3.14761421342001
2022-01-27,26.953526730492957,41.79523832630281,3.527729151729561,0.6398896073345883
2022-01-28,,60.22840442019325,1.34478685547435,
2022-01-29,30.509527332718612,81.4041850068852,5.1085195464432225,0.8825668977611857
2022-01-30,23.826268464220266,40.62336668570721,5.65386529311581,2.903231228689717
2022-01-31,20.787236102432438,86.05679159032069,2.0934429881294925,0.607597220022046
2022-02-01,16.34150300909854,59.930646005995364,4.72965334184507,0.18456296188431173
2022-02-02,4.2839549640843355,73.3915151709163,3.7986209420888404,0.7397276661859172
2022-02-03,1.2727076012337513,75.4320734780831,2.2318731288950397,6.764741479724657
2022-02-04,22.729549560873043,89.93294660959069,3.111675677704355,1.1402225097973815
2022-02-05,22.550538588513657,68.71660891837129,3.905864939629682,1.6418632221670566
2022-02-06,14.572865824716844,46.92212114369922,1.3633096918692482,2.8735125812980233
2022-02-07,6.4333465428257135,75.18685753148165,5.141642216930138,1.6352826189928384
2022-02-08,3.6998099071574897,20.0,2.579319669190767,2.1391618647719275
2022-02-09,11.37807644414538,46.38989345984803,2.659029574767466,4.246349961025308
2022-02-10,22.01873209510385,51.291363771354106,5.011159984567758,0.9334951493071457
2022-02-11,,28.444167448554346,3.0945189188101736,
2022-02-12,14.754886965319974,85.26062422571786,3.56899435932648,0.19845241476995842
2022-02-13,17.877560424807296,79.93635047762811,3.7888825227618423,3.0524633530277883
2022-02-14,26.259443694702632,66.76513236614028,2.449698412884543,2.1279676760980633
2022-02-15,14.361805396019479,74.69569421823638,2.96408363372081,1.6716160746841193
2022-02-16,18.68748213112147,65.49451185235854,3.964581973078768,5.318454757159232
2022-02-17,23.21983533413152,72.95890016597824,3.9690487737861684,1.9715171819678028
2022-02-18,26.020267422023778,78.936112694395,5.054064428132963,0.09771160060703875
2022-02-19,15.541375408568625,38.307446243204886,5.142563406025965,1.2646781200521686
2022-02-20,10.194086690182143,73.73070294402334,6.437339886915618,0.4838635320856378
2022-02-21,17.041023116693918,76.93792563859265,0.9872505898946722,1.9420250636810992
2022-02-22,-1.9730689417880143,51.14196131727509,5.825893779909117,0.41575332303084667
2022-02-23,17.937060510167576,56.533439093936124,3.3189208055415236,2.0712027536880084
2022-02-24,23.668876501883922,48.37074359047376,5.316542796699467,4.296802587746936
2022-02-25,31.982389277865035,64.6670922663818,4.678844964473058,0.16061374966329908
2022-02-26,24.246462340169597,65.86230289741135,2.8455528703959043,0.5994415270191794
2022-02-27,-10.0,62.937201410491895,7.040205368104057,2.238617730312903
2022-02-28,28.917781393842898,48.50370575591902,5.522419368710329,2.4841448066211895
2022-03-01,,80.57677588814161,4.841426975851954,
2022-03-02,5.79364667162348,51.27270096923265,8.380186115050153,0.2995434073009509
2022-03-03,10.993795301760132,68.28971010448177,2.051464513526592,0.5558179241281181
2022-03-04,29.390684655252123,71.82741059267713,4.05016191930078,4.757854437021033
2022-03-05,15.555608424961946,34.32700470639561,5.1242483241374845,3.421072443423931
2022-03-06,9.124628272740004,65.02330412546604,1.8659677768695753,5.9923751183478275
2022-03-07,7.4854213798042615,78.80401536332485,2.6720683884222747,1.0521322722625865
2022-03-08,35.0,59.78774670338328,5.993375444524194,1.1580682972496827
2022-03-09,22.87477277289847,73.48475966970459,3.007214601465413,0.5991450800512937
2022-03-10,12.213980234288504,49.82917895801893,5.743771305833852,1.4869074701708453
2022-03-11,29.286234414841502,75.81319090021289,2.740812847944521,3.5421600675993243
2022-03-12,14.097677462648937,42.944846681069336,8.040171157703554,0.5691893637431497
2022-03-13,27.114098490900936,59.67199407669715,0.0,0.30312847405629967
2022-03-14,20.812324243404337,78.52362804890586,6.017264048835335,2.7768388121932017
2022-03-15,11.613582102809325,77.69391807954904,4.5017854913572455,2.364415675751271
2022-03-16,19.98301212203911,40.504393707332476,0.9386690938166629,3.5347649044261225
2022-03-17,20.38723273101862,56.78950520626781,3.5539215567635547,2.7849316728433657
2022-03-18,23.00823339484926,51.00770050014482,0.14697170486660793,1.0870308980216978
2022-03-19,31.28415205095299,77.69593572921812,4.70466858122155,0.34109081254500545
2022-03-20,35.0,58.88256745803804,2.806259154380256,2.5071764707193074
2022-03-21,19.111429710609215,62.22434538465046,0.10039595021218783,4.214075432702589
2022-03-22,-4.080161601825711,67.22767114204241,4.331346907476919,0.3316532867026154
2022-03-23,23.766529044413637,41.79219565162775,4.2896627693438445,1.4623827094904238
2022-03-24,12.39242007935222,64.48472886353541,8.213832940809477,0.7975512475262261
2022-03-25,-1.9122253326449568,44.84746374304672,5.656009185136243,1.4656981537675995
2022-03-26,21.906950354182854,52.653479696957255,0.0,0.06365679131601755
2022-03-27,19.394030279825966,53.347988824359554,2.9432871838147943,0.8724360568805973
2022-03-28,,67.26013414569115,6.2094428686609575,
2022-03-29,3.1407579445417366,48.10709403318606,0.7464596898789955,0.32708556056952
2022-03-30,28.958226837559256,52.88214040254084,2.456867486364972,1.0467702741866216
2022-03-31,20.061571901151403,64.86047731587048,4.003618087023974,0.38722720860681403
2022-04-01,7.0901962669904615,80.77957187165728,2.943919521963489,0.485818368683469
2022-04-02,21.625446300160622,66.56416791066391,7.182372794125325,7.60310989328221
2022-04-03,10.797808189089938,76.95903067729847,4.366286572815764,1.8416516169989736
2022-04-04,20.447671145056667,28.14035136017758,4.0666256967588374,0.9866794400117492
2022-04-05,18.140788683612236,81.52775718371437,2.1665447678770193,1.4732642943732766
2022-04-06,-10.0,47.13976109482897,1.7951362503547963,0.9659859723870297
2022-04-07,16.08285712042303,50.86819412609658,4.208043765600192,1.841788708651441
2022-04-08,13.334466908789754,89.121739212629,3.8396123627466636,0.0009592728845803955
2022-04-09,7.596763029760517,62.55467820898444,1.565777730331062,0.5386922340907841
2022-04-10,2.3597764527688425,48.752312996283734,4.468065565154071,9.005052484429967
2022-04-11,,50.82375538224101,4.1147669360427805,
2022-04-12,11.47262620529038,39.25244313029746,3.383527212438653,0.164438956371957
2022-04-13,21.51410133134404,60.2190681407775,6.385009262563135,1.3591369385790562
2022-04-14,13.548394953800859,54.9602454503473,3.9752802215317784,0.6873221763579288
2022-04-15,15.885838532066364,70.0416764201998,3.52391453707529,1.5262310948411633
2022-04-16,,85.78430833474879,6.262341083202819,
2022-04-17,10.360875357465638,41.191825114499366,3.69815743901609,0.2697327036515172
2022-04-18,5.0364445397132185,68.93930493819875,3.1970325860093483,1.1595473681794823
2022-04-19,35.0,37.001473154533805,1.6597554826413283,2.8443550170317775
2022-04-20,14.222861823733323,66.52187904145045,4.12127259237779,0.3504714192915032
2022-04-21,12.900018211597812,42.39920974187414,5.864871923805046,2.490311814783199
2022-04-22,29.134720196533358,39.800884982957086,3.1660760211261723,1.0223201571215135
2022-04-23,33.87129153432916,98.25868545111135,1.3413787260795433,1.939414804883014
2022-04-24,29.45700519693746,92.21910550415687,6.021862568223708,1.4914644830912633
2022-04-25,11.096652468830829,49.3804209194807,6.100571738283316,1.1976961818330862
2022-04-26,18.472753820512796,88.53211246916202,5.1699077166560885,1.3041431700681423
2022-04-27,20.845400096989916,59.40656803094602,4.192213010769083,0.31856712017634586
2022-04-28,35.0,39.436952771110015,4.840208408023509,1.1389699278900411
2022-04-29,19.20231458103285,69.74122312382141,0.8997022248278683,2.797325689264363
2022-04-30,19.646085853433412,74.23868802654677,2.8357004789558546,4.539300413791869
2022-05-01,4.86881157218064,71.28648856981118,5.351169553626544,1.9706716670621731
2022-05-02,2.4471129619656518,34.652373225025045,4.676652777235571,3.5124631577316467
2022-05-03,28.543899527179374,42.85277999610209,5.805095426556162,1.4167640531904282
2022-05-04,18.45818075971446,74.05588176397565,7.06770306957918,0.4871103643145711
2022-05-05,19.472808587450114,42.716558300746804,1.5297261541556315,2.5743435602829727
2022-05-06,25.73599058347221,75.27391366455774,4.967144338571363,2.4203113728056542
2022-05-07,23.52306384115142,54.55704214253272,3.4832609849643803,0.014593615522805392
2022-05-08,22.2179237400314,35.331654223106696,3.1070534913535757,1.3058978382554685
2022-05-09,21.35924290406071,40.21544739810218,8.943704761595596,5.521071183381345
2022-05-10,16.38688970796791,66.81134741561473,0.8595191639172861,8.31560351410537
2022-05-11,17.0911289939678,67.52789744671223,3.636074471073128,1.2210012099713858
2022-05-12,24.160424501462483,83.42770689574942,3.5274606140324876,2.5587451331282565
2022-05-13,5.615954334609486,60.29973650426242,4.095339420826622,0.03560277193901732
2022-05-14,4.49579996097045,57.010034720385306,0.05517575147404852,0.6241816311961482
2022-05-15,15.816969566930828,86.96342869131301,2.037777443966334,2.558581537365854
2022-05-16,,47.409011008751925,4.097686686942824,
2022-05-17,22.24459731567673,55.750466993610054,1.2093693872798603,2.1609585864079213
2022-05-18,12.777007674833452,67.12189804665918,5.9069096866878406,2.384715834765845
2022-05-19,7.220870168223465,46.564345145727586,5.159242777940238,1.1219362720987447
2022-05-20,21.017569916156244,66.69909858067301,0.8255646687982336,5.557810858366127
2022-05-21,28.465928694668136,60.06602334056443,3.5392873029981127,0.9118743122169173
2022-05-22,18.65038699893145,77.02754315154816,4.751043800879108,4.647354699894061
2022-05-23,0.4603478276153683,53.73100778976155,1.2484601505120927,0.1243809587576898
2022-05-24,17.755505215988734,50.420054440977594,0.8450822307354886,3.7834651367843417
2022-05-25,,88.78438210871546,2.084903957605319,
2022-05-26,14.589195513045569,72.77240748973132,9.374942559385001,2.1562143696834823
2022-05-27,,76.29480251923133,6.18867616086047,
2022-05-28,10.698716589713404,72.53328520748249,2.78281043940604,0.16686491313593915
2022-05-29,20.11051697208115,49.890293676732995,1.3378044023967544,0.11735802101697693
2022-05-30,,45.60412528437177,2.349358987686797,
2022-05-31,26.487295795539396,45.76338295505311,7.044702840800821,1.0763630766267298
2022-06-01,17.190713363815433,51.36849977191917,8.067533200462453,0.768840378839526
2022-06-02,3.7635839584506714,78.00281509810864,2.376250062159282,1.1810247185673448
2022-06-03,,59.614844524922,4.6221819600499945,
2022-06-04,,74.0984572556088,3.475521287916294,
2022-06-05,27.73822685989598,72.34877277955471,6.540634720008526,1.6547446061793136
2022-06-06,22.097332113619256,84.03531647368807,1.8121236865981203,0.7427700647721919
2022-06-07,19.698888732274707,72.02184213030085,5.957991044959218,1.2127884595280705
2022-06-08,5.070472920330216,63.193924102398704,1.319718650060706,4.037121232220254
2022-06-09,23.131908200523117,40.51855939596621,5.895510779876733,1.0522901917905434
2022-06-10,13.535658916036706,89.11917964985356,2.2985412832815477,1.1143428821060326
2022-06-11,23.060614043062788,75.97080392323511,3.3711035670804215,0.8240637079030636
2022-06-12,35.0,66.36289446256629,2.7091521614134586,0.6034697768703576
2022-06-13,27.067574246043854,63.18803686442597,7.92227249409469,1.276385648465199
2022-06-14,17.85050114556099,33.292536792233854,5.987985475395281,2.6680719237387254
2022-06-15,15.733398727109426,66.32885155553527,3.1772972294981896,0.9176553123207163
2022-06-16,10.82279655781894,52.04649801208706,2.3504961418522683,0.5143987371758582
2022-06-17,-8.229721602082588,35.40146411191897,6.627199966399365,2.1576259544559924
2022-06-18,15.464593939347395,52.73682946871754,0.0,3.306359733408111
2022-06-19,9.862172317577699,63.61499420172482,4.958355706994264,0.044096410909528684
2022-06-20,18.219033697622226,65.60217381605997,2.081423482682906,2.0016106507486526
2022-06-21,9.837401309246825,42.325046473485,8.508324391807884,4.623790425941713
2022-06-22,17.2105495856883,39.568727203336856,9.46141774470159,0.18512738051690156
2022-06-23,27.460652665131015,55.4574833383464,4.061380100468584,4.590389286543116
2022-06-24,16.567053779850852,68.56112973580149,3.269108089035185,0.25057943640170144
2022-06-25,4.1383542598003125,48.10596930644576,4.136013613214072,11.509743206544183
2022-06-26,6.692173882413276,53.33352173600484,2.756771769887301,1.4338666633475816
2022-06-27,21.90709754321184,62.82383546712929,2.4111325090177376,2.618511965472218
2022-06-28,22.53077136055547,47.69282757071,4.469137212008276,0.12967459898519898
2022-06-29,6.283191029290177,29.900571028294653,5.247502110213552,0.2162314928384568
2022-06-30,14.712754585394226,64.66096325074562,4.266549816218041,6.610037539470228
2022-07-01,24.04680729757464,33.799414887225176,4.580206749010355,8.937285029893784
2022-07-02,32.20767448167585,64.95235236075371,2.734887750883589,0.6490724664111606
2022-07-03,16.764223451849738,56.68504138712372,2.1323620022873007,0.8368576798340098
2022-07-04,13.00949599798501,56.56846478980814,2.112868125292687,0.02005288025349463
2022-07-05,11.303257110580706,43.456336812298495,5.543900714727441,6.247832523688199
2022-07-06,,55.02019806330243,4.159230935494754,
2022-07-07,28.890720882152156,46.82039297071182,4.403052363903373,0.24649272497578095
2022-07-08,,100.0,4.682668117112808,
2022-07-09,19.999975687015848,47.941962456104406,3.8843622936715696,6.801664971016067
2022-07-10,,75.57798842759712,4.21691440409697,
2022-07-11,30.94386005038361,51.52192846761176,6.591624441906564,4.138702238877388
2022-07-12,28.368591673331785,63.646801100413924,5.553832073071247,0.45053196694490444
2022-07-13,12.03867500366638,60.11416190873505,3.6552852367240987,0.14155019535468735
2022-07-14,13.956519286343234,57.51909226823538,3.055625577776237,0.30671829546122203
2022-07-15,26.7935992214075,57.048568004017405,6.054560802173212,2.474841254866984
2022-07-16,35.0,63.7124294199145,4.665541622259994,0.2953816232000672
2022-07-17,-1.8478152886612276,80.64641077376089,3.3840226349937086,0.007493762616038268
2022-07-18,9.890612797945762,43.031451513672955,1.417302496748614,2.9894834797957732
2022-07-19,11.058080528011146,33.476401093658744,7.388085551374756,2.131328588760343
2022-07-20,25.409636940244177,47.54365117491968,1.7459040064189053,4.2099836994391655
2022-07-21,18.543701000696984,61.918214733592,4.568853648680133,1.7239991432837671
2022-07-22,9.876367968746104,55.562591243511704,7.650482716354027,0.0932873250199693
2022-07-23,,83.13016777341286,3.317556303952967,
2022-07-24,25.113007294575716,81.29655997436433,3.9090453880693046,3.077086539103455
2022-07-25,12.997476572477975,53.18011423673875,5.707455537497754,4.41318456205548
2022-07-26,3.42107641335752,83.1737788504095,1.6137286555369599,3.22176618144047
2022-07-27,,66.30905721052281,0.6603983313595885,
2022-07-28,10.748036125498842,49.06782119679224,3.2857907428256388,2.169831656653022
2022-07-29,12.0000489805938,58.203800118815366,4.161409170367839,0.16197870483662447
2022-07-30,,57.103089185354385,4.1387869528656935,
2022-07-31,4.678884336923597,48.960127956325735,6.834404083842683,0.5742717105727748
2022-08-01,,50.49076365279503,2.1081982440670703,
2022-08-02,18.2950485810837,66.77100916533148,3.7125782829719376,0.8240984543708746
2022-08-03,10.885653672125425,54.001889710342276,7.014536459003331,0.8288836969433875
2022-08-04,18.77971699991143,55.75834412196219,3.4443106202612617,0.6746566982641884
2022-08-05,16.605566082323023,56.89184273259559,7.973951341991483,2.0075759341565274
2022-08-06,5.933438757142028,57.47767455502002,3.5314071022804567,0.20378555100159723
2022-08-07,-4.15441163379958,73.81027611149999,2.6119176865228058,0.10996725218755553
2022-08-08,9.691195321452907,47.603250970394456,3.921671581472522,2.382278748199409
2022-08-09,13.174783463340292,63.45582448700138,4.519183814707964,5.823160832580844
2022-08-10,13.904425702559776,37.304043171481545,3.1769079747958053,2.7230166012246393
2022-08-11,-3.314209985681511,52.174411931263386,4.79627841712774,0.5749899039201107
2022-08-12,35.0,40.388000188726586,3.701647478849284,0.8993223636674299
2022-08-13,35.0,84.26950432681619,6.538967812474125,0.4547484752353516
2022-08-14,19.448237482110425,62.00836554301586,5.015785244424435,2.3046186414191814
2022-08-15,15.254929170468763,53.61270236487704,4.021523514142442,0.541903605222849
2022-08-16,9.351790641440093,33.946888749890014,3.3669863485186466,1.6939970590596876
2022-08-17,20.785264201381523,39.909226232852156,5.605683039589029,3.6585250244660985
2022-08-18,13.829945953600324,72.77444756766731,4.062337195575955,1.4530360014131516
2022-08-19,27.52228449216393,65.3200201686875,3.095049875041746,1.800269578033924
2022-08-20,,38.38555889490513,2.5537192506813913,
2022-08-21,6.494260441303039,38.45500839036946,5.3987932970560415,0.7689827514232392
2022-08-22,8.122758476114354,87.72003013272399,3.0567297262860773,3.19324767455648
2022-08-23,24.696659936892765,80.32904207484673,3.4001556207773196,2.321889126136027
2022-08-24,21.946376421154913,64.43023030781518,5.106514853728834,0.24019445363747516
2022-08-25,3.867744478934656,61.74079295993353,6.141795574079353,9.161596903972473
2022-08-26,10.428989772763282,57.47938034029167,5.1903058901262,2.33965101634849
2022-08-27,13.46040188689988,41.13755494228158,5.705525672713273,0.028075896240613765
2022-08-28,14.632464030172267,72.90557415743761,5.419154921322312,2.562787355187237
2022-08-29,14.281158707009224,57.067600044210906,4.0166054074759225,0.28749171092837444
2022-08-30,23.992393438514974,70.95451166580602,4.789167830886637,0.694326851766265
2022-08-31,16.457741150172847,53.9367379998899,7.6517842839108035,0.8565676966196074
2022-09-01,15.80751330436946,65.44515041088788,3.6081265149679336,0.7414494278483077
2022-09-02,7.432327685122599,52.79618456581323,1.81510131748726,2.728667912953569
2022-09-03,16.67555546816834,61.042723177120386,0.0,2.798881571859734
2022-09-04,,71.96149234243123,7.871150834336117,
2022-09-05,10.201415888273967,51.97134728101524,7.96161390377689,1.6741224276020745
2022-09-06,3.4933298615135544,90.29389603865076,2.0182853113906116,0.7526153107394572
2022-09-07,27.76947742278233,51.330485950035815,6.571928371630268,0.04695395667884829
2022-09-08,32.79722531535448,62.046715495952675,6.065072762309828,0.8668621272766524
2022-09-09,17.44502155202237,80.73122561716004,5.28244714783046,0.01893294760381328
2022-09-10,29.34600279146502,81.7542014147691,5.006394908903336,4.001841515982932
2022-09-11,17.29534679054508,67.01000494249854,2.5107332683329906,2.0476033205885145
2022-09-12,1.1313899335991273,64.0331060388394,4.258633645478258,7.75249913895357
2022-09-13,18.002940560409197,61.03507686732334,4.695935827809452,0.4040338128350219
2022-09-14,11.604951854706844,80.34538090228452,4.1394745204622,2.1448729665850794
2022-09-15,19.758471223993432,74.3590661863006,3.8905387136990193,0.4163214681290626
2022-09-16,30.707910457448563,76.34400859196795,6.6007828306826815,2.0376451057136427
2022-09-17,9.932981859751303,84.51708332414037,6.031371738734073,1.3536869911052887
2022-09-18,18.875057905809154,66.86957708223834,5.748486381849597,2.1853457404624463
2022-09-19,23.611238033136818,53.895488760548076,5.864771882860505,2.584299083113925
2022-09-20,28.541859939423237,65.26919976477845,4.458651358056301,1.47976689218647
2022-09-21,24.857706402040943,60.841690708189205,6.331996091024746,1.3614600429864834
2022-09-22,3.8506166298459465,57.16396439383017,1.6037672571618247,0.14451069822352997
2022-09-23,3.8389319531032084,53.93547587109915,4.139115236419313,0.9043062962914359
2022-09-24,22.649269885327165,68.2154389987603,5.4160989302292695,0.718948345018897
2022-09-25,11.153786602352433,69.56372342830164,5.086894160904902,1.964753014384976
2022-09-26,,49.559832443052,4.748705759467611,
2022-09-27,26.883426294115473,64.73985466779875,5.854175182734659,0.5288843441345678
2022-09-28,11.303283780879713,84.34895655842729,6.882084039714625,3.7767316462476286
2022-09-29,31.303699678643074,48.80223355852476,1.8729170984405563,3.5257612152168534
2022-09-30,10.595243237556135,80.53486131771132,4.600718350803926,0.7966182601102395
2022-10-01,7.531870965098547,46.882214282621604,2.555337625245371,0.179230613572457
2022-10-02,,65.41979672749567,6.140078359954652,
2022-10-03,22.582690987509785,33.28485819500322,5.447975081269549,1.2002417072967526
2022-10-04,17.929306529304466,69.59689404715478,2.059332090465646,4.077998352076957
2022-10-05,33.916787456941364,56.68795851253485,3.9866442800827318,1.5834452007248927
2022-10-06,16.71504271140268,33.827822207291476,0.9977293491452768,5.7214043018419165
2022-10-07,13.234738252741046,52.93211245526429,5.899720014241553,1.3207628223778345
2022-10-08,30.091550023564174,86.49288431269542,2.9283468076330577,2.2009774113688008
2022-10-09,20.9519585445667,68.54895380554626,1.7395806762478836,1.3067279137315693
2022-10-10,10.864200887817955,61.69482329142069,3.3087733665301666,0.7746062109315552
2022-10-11,17.386090191715727,67.95503875521999,5.167709678243114,0.05567972236689365
2022-10-12,17.181651626035116,75.1477750655428,4.573799861462108,3.153262905180963
2022-10-13,12.945677787246764,82.85476658214887,3.021786327090469,4.668943626516465
2022-10-14,16.824160337161462,55.63510572559809,3.7901113072901307,2.645447652605871
2022-10-15,2.1238756646228496,68.89238407330988,3.416466210211344,0.6358975182533679
2022-10-16,11.439860656333147,67.12605974259749,2.131839587597689,3.3960399238809593
2022-10-17,19.31257132555123,61.59978735557243,0.2686710401696284,1.8979501311296687
2022-10-18,9.717524222975788,57.20302957764735,3.987118708135066,2.2973317436281713
2022-10-19,6.084595313308629,84.06007594313539,5.170013547686056,0.13713176732715296
2022-10-20,14.593564698213036,63.94552364576193,3.968116153033423,1.7437577146398475
2022-10-21,10.27280736359117,41.73903819879079,8.09949365052707,1.6471820911799389
2022-10-22,1.7791077004268474,20.0,2.808430613266833,2.1674557182577647
2022-10-23,2.0287501457916846,74.31263658449357,3.9162293770889343,2.953590260485982
2022-10-24,19.08079919827666,53.54512384268645,4.972194321783801,1.037159952040771
2022-10-25,15.905669583674312,57.71709589455938,4.881402263391871,0.33677613919054006
2022-10-26,,66.11765917735912,3.4882131264379668,
2022-10-27,,96.91218705631546,3.891566689659494,
2022-10-28,-0.13408074479384524,80.30623039135205,3.8333484989444004,1.554661742450039
2022-10-29,6.258685911291536,56.59948472872587,5.366528028892188,0.8755511457398373
2022-10-30,11.780614914370753,70.96091009971559,2.610197173761375,8.266698864064281
2022-10-31,19.36090017615472,50.965372203877024,0.0,0.1962331210412869
2022-11-01,-2.4861728230137548,71.60788449602333,3.313772702719934,5.454922394154952
2022-11-02,-8.112065707765318,47.66018316913857,7.375694669159307,1.0355213591502046
2022-11-03,29.489172454379222,62.73937473177055,5.602562382055641,0.20367444428803116
2022-11-04,20.9788032975404,63.23942665026618,0.8627385798412845,0.9534066932119154
2022-11-05,6.239181070416249,44.226572833405584,5.350198688470013,2.7698256537552686
2022-11-06,12.653259114816782,51.172388868731694,4.4168643355817405,1.1059806196376945
2022-11-07,,27.383444141767246,3.2501328217148586,
2022-11-08,17.896631872452442,54.31161700491071,1.8437592909996803,3.4684094415205013
2022-11-09,,76.73358515144658,2.3728190648260297,
2022-11-10,3.513996802665613,89.98360336798727,2.8801298407892384,2.2057249481438497
2022-11-11,19.893125612594527,82.37505229025057,7.670502304424886,0.3345132065326988
2022-11-12,33.14396270327189,54.21437674385669,5.280210159926663,0.581922073807852
2022-11-13,20.297880698896396,59.89685569844592,2.580827350871094,1.059530549807913
2022-11-14,15.750742505549193,58.93156514801935,2.9159962865139795,0.2326858553929319
2022-11-15,12.857396039542786,56.85730654498679,3.9251029437169076,0.6545351605068224
2022-11-16,7.112552949836961,74.61478503712168,3.1336466121004514,3.585399646788522
2022-11-17,10.924369895004421,51.72834927234677,4.031358750777154,0.04477166195521469
2022-11-18,18.92341264563502,81.78595886942156,3.7085341453049034,0.10454997425492252
2022-11-19,26.87232262481681,62.081148974119934,4.1945423161556015,2.323405564377508
2022-11-20,27.318935715437632,42.510688021241066,0.00336705068189902,0.9759794456727129
2022-11-21,16.70371369156865,58.54184060155267,5.600580866021808,2.9658707061921206
2022-11-22,16.867966404843415,67.18530947169899,2.8797367697171694,5.371886534435731
2022-11-23,15.522165789984905,74.65397182571292,5.813698140423382,0.6204766541812256
2022-11-24,20.71011262390567,71.31340282327933,8.392146244874445,0.07537767320460677
2022-11-25,15.480931723730649,55.25640267036072,1.0946615765289334,1.2173318464850342
2022-11-26,15.644686614759074,52.22325874631664,4.196860694485059,6.660831092364299
2022-11-27,6.397720145924993,85.9570280109842,3.1598450693010167,1.5768006007819433
2022-11-28,6.159793218152933,60.39798540496619,4.7896255679627995,0.9478475381833921
2022-11-29,8.088562220019252,42.99530595680227,0.0,1.6059422923816786
2022-11-30,,51.21879866386128,3.283521980063968,
2022-12-01,11.935999460400561,30.569065478709174,2.3627554811382483,2.7833684981450535
2022-12-02,35.0,35.5677344173818,7.25405742735424,2.2817024444383986
2022-12-03,18.879299724509263,52.05304970624929,7.718604937607575,2.5755973181165817
2022-12-04,,48.064252414770664,3.4277578546538927,
2022-12-05,29.84745668755541,49.70155169940574,1.7054876021088088,3.3588365510187295
2022-12-06,19.246698293919525,71.55362186678563,2.322812224129779,4.469674034266895
2022-12-07,14.591612661274162,73.11151103182834,4.078107559599618,6.225955106971202
2022-12-08,6.010076779939264,42.53029192056691,1.1973303532491464,2.035248404340639
2022-12-09,8.981356351919686,88.37308497632878,5.038117150637772,0.8559590043822755
2022-12-10,23.403687069903427,61.50969671895256,3.6074615380692565,0.9804272555288941
2022-12-11,17.69648665642335,60.116859476267685,4.712652108569587,1.6677176307044979
2022-12-12,8.575500971879366,48.121020064634486,4.7887901168062745,1.7135011812968242
2022-12-13,12.92579159378989,55.49478675100156,6.758832396041285,3.144341642586874
2022-12-14,18.294506316617543,90.42911533954224,5.270046275151481,0.1775064424951782
2022-12-15,15.248082631052993,43.78120313966239,4.585917176887645,1.6721615105914875
2022-12-16,,64.00962522608788,4.498490427708731,
2022-12-17,14.452075174985563,51.86350099954256,0.04346584446111201,3.5909090789189237
2022-12-18,-9.155276464234055,32.85505464787158,4.359320947302302,0.8679402785257535
2022-12-19,15.182072222815588,36.961984103882635,5.2242831735856425,1.2615599163189644
2022-12-20,4.417161071196654,69.16034266485579,3.7575579323111716,0.5166426173353548
2022-12-21,18.63475679164169,34.160293294926994,7.329647262549936,0.7011930232140198
2022-12-22,16.339617693120392,41.47620755657388,1.0292045452601601,1.6221103035633457
2022-12-23,22.484063159124904,72.32823912386894,2.5202798633557655,1.1099339834864475
2022-12-24,22.581860625230913,70.51703643034722,2.7295463597194383,0.45005596928277913
2022-12-25,32.196463812401966,60.87914045504112,4.018531903844481,1.2844390204951333
2022-12-26,-4.831339916078623,42.32886631627976,2.7070340117331373,0.36146814016877243
2022-12-27,13.739418391677678,42.2737934937515,1.5189020283644408,4.269557413376745
2022-12-28,-5.404748726121653,40.13996266488566,3.2884327540913167,5.159324996046369
2022-12-29,19.90696582583862,57.99467370403668,6.029586164321394,0.5134771787969453
2022-12-30,13.329697836212766,69.61728897960579,5.508372461791017,0.10746725195477953
2022-12-31,10.292389178847497,53.638229775486884,2.6101679116233285,5.235498492167818
2023-01-01,17.67018498373989,73.27204460133883,3.253305716842849,0.7478024715260828
2023-01-02,4.471446219140867,84.15062802255956,2.4447267268783657,0.4164070952865579
2023-01-03,33.478482218727244,65.86641545929885,1.477079035418425,5.034450026415854
2023-01-04,12.555834170524662,41.199508165006456,4.853953899241349,4.284821938070124
2023-01-05,15.765332699053573,61.28979139567682,1.4377692042331254,0.10926066265016494
2023-01-06,,80.3028839581785,5.325712511019205,
2023-01-07,24.22409850561539,50.53604185419595,7.637285256484869,3.3486777246354213
2023-01-08,2.9779535489273745,50.13268347858583,4.7513621623563225,0.6217566743203673
2023-01-09,23.282087409684497,77.09800215237424,5.245525300666584,2.207897513604423
2023-01-10,,38.45980609497368,5.188561631054485,
2023-01-11,9.901666882798212,62.976801542804566,3.0226629138329826,3.68572092570067
2023-01-12,23.793929731628175,50.73581337524272,4.739959376018247,1.0971379244695212
2023-01-13,12.31797284879787,53.50766214988096,4.624732198102703,1.269985755600695
2023-01-14,21.137818208145774,85.55018568403658,2.748218469314431,3.303292056248521
2023-01-15,21.324537231817967,52.78672316251613,0.0,1.210910331175709
2023-01-16,11.508640556158898,61.82387870177499,1.904163959873363,0.21989269232871406
2023-01-17,17.329399134620044,75.47210344555069,2.115832186535491,1.4038130901796197
2023-01-18,10.161040723956559,40.767981310406995,5.002005159195586,1.2203803013223482
2023-01-19,14.804343261067812,72.53953864740012,1.0421859969002902,1.1957857652955948
2023-01-20,,53.2779161440477,7.741827980235083,
2023-01-21,,40.79716523876682,7.258465076739007,
2023-01-22,19.402932235564762,52.61466338190899,6.10435966238852,3.0090006686113866
2023-01-23,18.1766332038,60.93273859019777,2.979847720708216,1.9308190405224521
2023-01-24,0.11000483961543184,63.601957623279766,0.0,0.012744876258088404
2023-01-25,7.539224388370612,48.76475323583758,5.664367465342758,3.6071652210273797
2023-01-26,8.085187483756375,56.759343324078436,2.5042322950774705,0.25880306969420447
2023-01-27,,39.10804313689527,5.5750873293608425,
2023-01-28,5.441088327028449,49.38326569681548,5.202457806018642,0.20199303229418478
2023-01-29,24.391595622223367,39.570013182907054,3.1199019316623517,7.107099882037326
2023-01-30,25.60535899187998,58.810815931143566,1.5596823830870576,4.615415910108339
2023-01-31,7.121227224207017,47.43747322482914,4.374374703800466,0.4042772871300237
2023-02-01,3.458299921261576,91.12067852539526,0.8606044544898328,0.016924372719859075
2023-02-02,14.866610853635311,65.74377769563502,4.5622563185762175,0.12301040419854149
2023-02-03,28.30188636807397,35.60586191939504,4.940320937215455,3.308262700506412
2023-02-04,35.0,48.80589468559802,2.680961135236984,0.15977955938825955
2023-02-05,8.254210009694704,70.53682949256056,0.9937293700511525,3.011472519993034
2023-02-06,-7.749597451435464,63.668953569241644,7.256535784975397,3.4274057205938857
2023-02-07,0.12518705506436634,36.43426732672019,2.930387651887596,0.733190578243227
2023-02-08,-2.824588288014942,48.191216658457456,3.5854374404874854,2.6569701103993184
2023-02-09,19.16839551845308,69.64936849894926,6.1828543729994445,3.432979434368018
2023-02-10,15.97527813027598,65.56851193512733,2.863386815699516,3.033957608526074
2023-02-11,,68.64283916328144,2.476996755514885,
2023-02-12,26.259304579860466,55.800021012924724,8.020256533049865,1.1930873642984607
2023-02-13,31.289389005837627,47.15131630486132,2.534671572899894,0.14136891618791142
2023-02-14,23.429558017671713,40.85968828839441,6.433625734395655,1.490235441432779
2023-02-15,,74.2437151580314,4.3060200960885355,
2023-02-16,0.2594172020890584,89.15349306626145,4.263798254298605,4.658228740445158
2023-02-17,9.914056307316827,64.1550759942201,2.98693980434073,0.036498974131579195
2023-02-18,28.848215913074494,74.03685830430427,3.6008566688003953,1.5110742997245885
2023-02-19,,48.015152889959964,7.5742765200706454,
2023-02-20,,59.6871885519198,5.710404424579244,
2023-02-21,16.233807662579018,59.05565237303614,1.2745581490254034,0.5438500528810389
2023-02-22,22.831859330888022,65.7745512534883,2.0171703536681873,1.8824223973492649
2023-02-23,6.281606488847253,61.164352551718736,4.7658958696774505,8.701880320628707
2023-02-24,22.631339337464993,100.0,5.2775250492578545,0.08372867463109446
2023-02-25,8.605225193160182,71.99437308667132,5.533404586656265,0.4364184463934914
2023-02-26,17.305455089846113,79.48942868332624,3.846408987141103,1.3490702582995813
2023-02-27,14.70902560362553,64.06243140589885,2.301220026479716,1.820614314547232
2023-02-28,26.92038103016047,28.111270312527402,2.3800170266839,1.9571314436746559
2023-03-01,23.320726284267984,66.72474304863296,0.0,0.12419644916947874
2023-03-02,-2.6571060348754205,76.42883366906653,7.267103173181004,0.2623176572412994
2023-03-03,6.895998630702636,80.90192220536188,0.0,5.789283431224983
2023-03-04,8.641076979536166,58.99169152645046,3.5171138583615194,0.15667294077637303
2023-03-05,,38.471932914526,0.45694793876670436,
2023-03-06,10.046391395039699,55.66078879321739,2.831140753308685,1.721964487840034
2023-03-07,4.106347823025649,38.25239715522947,5.1523941669399775,0.7542249418461755
2023-03-08,,79.30703557397143,0.0,
2023-03-09,22.27353588708108,66.80795105723529,4.705204111198508,0.6855642933132573
2023-03-10,-5.735351310913543,52.31340306508733,5.742977124594424,0.6642734148451598
2023-03-11,25.551371302873147,71.13191983487009,3.165506552018086,0.9541213156858916
2023-03-12,2.1308810607044992,82.03703972880116,9.478728924980036,0.24677377374011386
2023-03-13,10.522822913787222,71.76239452633689,0.0,3.841909181911713
2023-03-14,3.3149643038381815,89.9952858406309,0.5741542680310134,2.8492810062354756
2023-03-15,5.808434252809058,46.71705998679623,3.3936900818108215,0.06939823486639057
2023-03-16,12.76583796095414,74.59493877498977,3.4342760624661572,2.864783416944355
2023-03-17,13.632703971811216,38.11335204659673,4.228942356801857,3.521154489804214
2023-03-18,-0.4634558023969326,88.40856251178613,5.856565591869408,5.102614184920302
2023-03-19,10.946302636067935,70.92140599985741,1.4881260359980448,1.8983926314497088
2023-03-20,16.032334506402034,54.39790754959318,1.2836815370572179,3.8324221321576797
2023-03-21,19.67951804764879,42.663891986102854,2.6110113468016753,2.8467829695288978
2023-03-22,-5.424184653369917,51.901080114544605,6.061882353777578,0.05148133926574465
2023-03-23,10.21160624927245,56.107637793152044,5.618942866703661,3.3322817156482345
2023-03-24,-5.536179219462052,63.24249654263702,3.860449136358241,1.7398486018439339
2023-03-25,9.917652691206195,59.744518755543346,2.9825117604845035,2.1028226027941748
2023-03-26,10.695372007435548,50.49625227998135,3.6944193174760653,4.324458328533916
2023-03-27,21.29142563166703,77.36178999867516,4.724122964528787,0.020959357662365424
2023-03-28,24.73425463428198,34.51138371640433,4.197950634622803,0.22833900156822548
2023-03-29,4.782097904629072,68.59943152760927,1.183409034602004,1.705674240074393
2023-03-30,17.942623724714142,62.78583879321448,1.0436266102884488,1.0540532829787403
2023-03-31,21.550108840914813,59.89510715699232,3.4826392968097304,1.0827079596592448
2023-04-01,7.529508009628331,69.45191051502849,5.449783413457627,0.748529068175525
2023-04-02,22.730054893040556,49.98362208520369,1.8783573481980982,3.413462611908216
2023-04-03,16.359673754507675,48.45380229097889,4.81496417068565,0.21864896920186883
2023-04-04,12.265435998993809,55.65656992642817,0.4228829255806077,1.5227272775124372
2023-04-05,16.417622307591927,52.10139149608142,4.142177335189017,1.2257837245047323
2023-04-06,-0.8020178368365993,56.44532250470611,2.4367587688022496,1.6028561732305862
2023-04-07,16.40463924518964,70.80038414351797,0.0,0.10376630020255799
2023-04-08,6.541966336711841,61.6563598220461,2.9071249473642817,2.2402526394025166
2023-04-09,15.288282054232218,60.44578847991599,1.473356400851627,0.02722849893406415
2023-04-10,10.941802410707387,63.46847854492064,3.446981788478742,1.5008347596911318
2023-04-11,17.88392213345005,55.04670874516194,4.825276738489407,0.6171583659425207
2023-04-12,26.918693697943336,73.55195413438467,4.913593266132072,0.7509899933275768
2023-04-13,16.271389224861025,68.48230358065022,0.04580734881183046,2.681896293649454
2023-04-14,25.00452382825666,60.08337384192983,5.150092812979224,8.521217670447832
2023-04-15,4.770785502899752,43.01214681716401,4.825862929930705,1.2900480527526155
2023-04-16,,79.64032964792708,3.1526539684040213,
2023-04-17,4.872688744964744,69.96809211162851,1.46338548467418,0.5712565120233211
2023-04-18,2.465616357765794,68.50674691831925,3.183739964871113,1.61489668657112
2023-04-19,12.251698971563831,85.4882310253654,7.2224715697422575,0.2106974594725212
2023-04-20,10.55540121968753,70.43219925475898,5.1930662866609865,3.797362005994572
2023-04-21,-0.8199308495729563,59.27182180401483,5.9450553733010665,1.2165851816662152
2023-04-22,3.7215593588117524,52.34020331992595,2.022147919457155,0.8971608000101972
2023-04-23,-10.0,51.75574302757084,2.934965964742781,1.4406009077293782
2023-04-24,1.4878005845232,64.13561777931976,1.4060744062448585,4.882455393528027
2023-04-25,8.40159725442007,74.50007297138251,2.6693492824976,2.9962509404650417
2023-04-26,29.898476258585006,74.66915671991242,6.716440225682719,0.3314607868786391
2023-04-27,22.130400402883254,39.292951992540644,3.1016509332443265,2.922044820364535
2023-04-28,,73.86863411035294,2.6217884560171476,
2023-04-29,,55.55518607745255,4.477460858357551,
2023-04-30,-2.924191641901943,51.174489168844715,2.8509879703474663,2.836058530709796
2023-05-01,14.323003635300655,65.49079897803902,4.185467315383919,1.2311892750398827
2023-05-02,35.0,71.81517409304274,2.86254536618746,0.15046492594252409
2023-05-03,9.926568928859343,41.501697455276805,4.381757030623724,0.5667676419043178
2023-05-04,6.722200854003077,63.260616723114175,3.239880642936002,4.500385420914265
2023-05-05,23.17338119386463,35.68183798595184,1.764098555389757,1.7927269560658785
2023-05-06,9.432809678262482,71.87868645803314,6.108175841986252,3.9641108816862687
2023-05-07,27.593002403268876,43.356224265642304,7.635930571998398,0.7281226858946075
2023-05-08,23.314908572229882,62.86120344804711,4.9951399279890545,2.3356318123471116
2023-05-09,13.095093464785093,54.50349710981196,0.9964430427178481,3.076950691571815
2023-05-10,,51.44319438604602,3.5435247160467687,
2023-05-11,12.644522636521941,29.993035576955297,4.489793790793103,0.04719133237759481
2023-05-12,16.32712375415961,39.01284800930365,0.6295896074975476,2.0125422848306704
2023-05-13,20.852430361835047,58.87221305324755,2.9276638821947496,1.7202228183993211
2023-05-14,11.104631665147126,46.04820837451128,1.1906287636302224,0.08129613733300198
2023-05-15,30.102885792128184,55.220623922195244,1.9405736637807904,1.0579474540572862
2023-05-16,15.699852908779446,48.19778661263722,4.678924427248957,1.6575554812306306
2023-05-17,17.89647828917237,55.825814777197664,3.9010330548381575,0.4767071245540767
2023-05-18,1.8360951585072005,41.9741478842436,1.8099653369673896,0.20304609516388492
2023-05-19,8.55458063655409,52.85766907296126,3.8658463280113313,3.231887068730663
2023-05-20,16.628840867932137,55.98054762866858,3.275211295875814,5.181079259537124
2023-05-21,23.687352398583407,60.44296583152786,5.765705588620866,1.1865799004377684
2023-05-22,29.12930837025343,32.626461001107785,0.0,0.28767660556114344
2023-05-23,4.393200988112749,60.76836464099274,2.518266397246507,1.093927647521517
2023-05-24,6.733817529325895,43.32153928272312,7.034826585585707,0.65458206196175
2023-05-25,2.701508827446033,39.50854402844746,1.6719250020508278,1.3486572060278155
2023-05-26,19.936127910392845,78.47017263487425,1.8377591612035786,0.018131575442400672
2023-05-27,29.13329365378788,70.94288417287939,2.963976529249373,4.034265334724437
2023-05-28,13.420268190493704,68.2649233177813,6.537523067063431,0.11971982726973647
2023-05-29,15.58374408925816,56.68821903954428,4.804419104664056,1.123760696715026
2023-05-30,16.32530360421897,51.287605604244945,1.875156819758161,2.1643348280736783
2023-05-31,10.309298656936472,82.30922600048811,3.831086997377706,2.106208325961694
2023-06-01,2.786917057462752,62.0228102562248,3.2967308547191276,0.7082336557716
2023-06-02,25.599627905435117,46.5169635225028,4.899593615984675,1.3845779525070883
2023-06-03,16.5425319019945,45.07784330902589,3.9162024218885776,1.3739529661700876
2023-06-04,9.518193934793347,64.66773121387422,4.392830507055642,0.2814292340323581
2023-06-05,35.0,54.77965267668733,3.356783610395925,0.9317408581906035
2023-06-06,,75.49854248644627,6.644992926641068,
2023-06-07,-2.1202024091241656,61.081639693895696,3.9143887739159804,0.11756798186018848
2023-06-08,21.54808863336365,41.990766164130164,2.747304024421207,0.11450777476016082
2023-06-09,-3.415417967986043,87.91474084948618,6.1211852860480285,1.141795837108018
2023-06-10,19.660118522699758,44.6914758187683,5.1811348732625175,2.6157671462296253
2023-06-11,19.39464506625483,41.66943265160683,2.1806086231937196,8.339887299221507
2023-06-12,28.798868138896992,58.74137012206616,0.0,1.6936236772256326
2023-06-13,4.976911342997803,66.98684459566473,5.080843864250701,0.7114689746523855
2023-06-14,12.06337547698853,46.509244406397876,3.1282645271932306,0.4641263242904314
2023-06-15,14.309258708294225,70.4329538078857,4.084916208091748,2.3737534810858762
2023-06-16,23.657559923219907,52.59760204973399,6.364446453052725,0.1063254534545759
2023-06-17,19.342429908025544,96.67755751623089,2.094072417789097,0.608429067138684
2023-06-18,20.187927568101436,65.00206277038886,1.7505222003096144,2.3330186949152205
2023-06-19,27.18825988081244,43.7255356260505,1.2077707390993973,1.1776540400529634
2023-06-20,,49.44670580605306,8.4068173479072,
2023-06-21,29.62726229526645,67.39724943802955,6.383388486335795,7.416670823236528
2023-06-22,14.11664256229493,47.81785259790797,5.343250102361826,1.0371171292974177
2023-06-23,23.954611043891315,58.85595105963786,0.1461311702835979,1.8083850518393785
2023-06-24,10.044861098936423,89.5461572649163,1.152436128420455,13.159433174560213
2023-06-25,20.950310914291588,69.5970861207691,5.405190283624339,2.3190759688949214
2023-06-26,26.58151140023125,68.92207550828839,4.803163941181962,1.444983003484448
2023-06-27,4.179276752990184,89.75955227178642,3.4564010529910174,0.7828010697420115
2023-06-28,24.4434981541203,48.61626265681275,1.2958604049411484,7.497735290815817
2023-06-29,16.787557224478626,59.75157663456445,6.1104754033854345,0.6957884472141442
2023-06-30,35.0,55.45023419221121,7.583818053754735,0.24620011589778493
2023-07-01,,50.60337272049569,4.87723745983998,
2023-07-02,17.93494229829018,56.171656760537395,2.4880094859686674,0.7683749747766695
2023-07-03,13.439265311894944,53.164819203727056,7.048385641299532,1.777781242901531
2023-07-04,,50.12832058162527,4.337130126518549,
2023-07-05,-6.832003625828982,55.56809034732881,7.259781568921698,0.6046628780315159
2023-07-06,0.8962059120165056,50.18662125286975,3.2839969472864308,1.1012300426068895
2023-07-07,21.6856503321486,64.86290294035,8.124173141273094,0.33798343874349795
2023-07-08,15.265206799140673,45.679673939020894,3.1030365917054574,4.3177569280358625
2023-07-09,-5.034584169774163,75.25326284045886,2.6772092640273493,1.7566813274518882
2023-07-10,8.659350536548379,70.88660864012293,5.658445128227136,4.4194600157505235
2023-07-11,11.071682405357954,66.69047966352379,3.8536670529073858,0.5944454291315481
2023-07-12,10.149051517771685,53.11937436171132,4.774929600311782,2.010196190918397
2023-07-13,24.315557299499588,60.66106305903488,1.9630285125395557,0.49169632138429414
2023-07-14,27.563604424414336,58.12394788925842,1.9987103075017258,0.6823016807343116
2023-07-15,,60.404389972441315,3.2371841456056902,
2023-07-16,13.80518329486243,39.91409778999887,4.716744221347,1.5944614685319605
2023-07-17,16.137481753463863,61.56854210046792,2.4442264504347175,1.6228587732404534
2023-07-18,0.1837060388801448,64.87662792954708,6.138375893169428,0.4471115195844165
2023-07-19,,81.66083816385596,3.7853965067788615,
2023-07-20,18.709834904901665,44.89747324933178,7.414610876492693,2.9576790561101336
2023-07-21,,42.21819592497099,1.8957790774247423,
2023-07-22,10.54208793961419,74.75183175263967,4.6847082768173625,0.7515792869840129
2023-07-23,7.210753710532036,37.31726864420341,4.918471244185656,0.10840478206010903
2023-07-24,9.305748660347376,81.83345730350013,4.542291747262102,0.22095930171227499
2023-07-25,13.899685497345944,77.74560299321598,3.9021548271980504,1.1018304045471432
2023-07-26,10.744929284000046,68.71815355688737,5.694348640175788,1.3226499686741764
2023-07-27,24.055563963485394,37.24030987180658,1.5284653980110505,0.9479341473012328
2023-07-28,35.0,57.608071742576925,4.56574896318923,1.671777076669738
2023-07-29,20.825609775726413,59.21279603395095,2.027165018006438,3.3646695419960406
2023-07-30,-4.47244647152206,64.3387346617174,2.8416613819414587,2.2609974244579885
2023-07-31,16.550721516125424,68.30887705407252,4.536860433338653,4.035149895802614
2023-08-01,3.122010731732394,48.75960057981008,5.8963149954858665,1.913238855732687
2023-08-02,10.923274584297907,75.91660597444601,1.252476624669253,0.22194038296635132
2023-08-03,14.64380004279611,67.80653479932107,7.301619037191408,0.3249126999581315
2023-08-04,12.408584833610952,67.65877250953031,6.00468428350073,0.9902877288340299
2023-08-05,4.649525962680194,56.64854497421536,4.087033813654645,0.6678550949148641
2023-08-06,20.21939503698777,65.82232470089937,1.8649699576185004,2.1125128138590754
2023-08-07,-4.938879336100088,27.85719713876367,7.057755612544379,1.9661010556375538
2023-08-08,18.863570182398504,65.96421465843711,4.92460357368868,1.242008068935433
2023-08-09,5.97962943498594,84.86685575512212,4.922937688120301,2.0636011308327444
2023-08-10,17.786983722045402,71.71332292003396,2.6444833146343987,4.841972744851078
2023-08-11,1.553139649409927,69.96149896028287,4.388319088242651,1.3534232538498292
2023-08-12,17.31491706959449,71.59359197766543,2.7478348862111437,0.8531808918511021
2023-08-13,28.773134075805007,78.13946352159073,6.430598692208058,1.29343777242129
2023-08-14,9.053112364719361,57.01175821050619,6.479836203704425,0.3135605479336237
2023-08-15,8.833789265612843,74.77829742834953,3.6929136082258727,0.20491013555103907
2023-08-16,19.32499471269967,66.86187071483245,2.8297063315213986,1.0570807363464383
2023-08-17,17.110695442654016,60.96729542568579,5.582697228076517,5.138330013151664
2023-08-18,1.1826583812335256,80.25881338285089,5.303170371862557,3.9741833385297447
2023-08-19,26.076271255043707,49.68530991059543,1.6674400328976877,2.2681193171027325
2023-08-20,23.089489510954028,50.25400681971361,3.4168858943355374,2.538077106131996
2023-08-21,27.820907204313492,24.649503396381437,8.385780025289058,3.940168728299465
2023-08-22,20.459014853728394,46.063503541936505,3.9838466698847586,4.940551642374864
2023-08-23,33.878102454840594,53.39712421170852,4.4701871829653665,2.1542860972912616
2023-08-24,-3.7260981323735543,59.24855154762039,5.090010044693377,0.9753728810299128
2023-08-25,30.239137488861022,66.7338607862472,2.8825532952240387,0.31911093526686873
2023-08-26,11.100786254548483,73.21849210128791,5.532632351688376,0.013889480780346485
2023-08-27,9.560310208475665,40.061314070988715,4.756162630016703,2.087820648641571
2023-08-28,7.855476948187592,61.645318860845414,6.250425452693248,1.0143831270964134
2023-08-29,20.093504991959463,45.25243976703746,0.6294729325702075,0.1660663216421411
2023-08-30,23.00243262409971,40.048619047945245,4.708256855446351,0.6532976381546454
2023-08-31,10.336566947635662,64.8635473189621,4.419960385667932,1.264986414394758
2023-09-01,17.735780269487908,61.52454734859143,1.165884512554975,3.0611724709986157
2023-09-02,35.0,67.40086986225816,3.4671008526219707,0.7560683063590308
2023-09-03,8.301218102862862,68.69638962405152,4.7882845085817065,2.135607207856132
2023-09-04,11.05521417164508,52.76562231306094,4.100194359603067,0.08827518542762676
2023-09-05,29.198923210610623,76.41535290876502,3.9504963376222335,6.560428535885061
2023-09-06,-0.7551250040182422,46.22264037340094,3.971270128368237,7.128648780345751
2023-09-07,17.45115871589006,44.1660427237842,3.0691516932876906,1.5029070086310772
2023-09-08,-9.15398929130355,65.97288869393606,8.011021432780161,2.1432708886500382
2023-09-09,1.2049881952044283,63.22035252258921,4.656626419046858,2.892674780429196
2023-09-10,3.09922790937488,47.85313553473472,4.619519465124469,7.038666294466323
2023-09-11,6.234964577302189,47.50872404019848,1.3452684108938802,1.5732464901606529
2023-09-12,,65.69820303177764,3.3688428524128633,
2023-09-13,17.00983092863064,63.752730254380154,2.9420708609861306,0.4272889683680163
2023-09-14,28.99844511254753,44.42692866003029,3.938209652388201,0.3345711027490982
2023-09-15,35.0,50.35506655689188,3.356901278338782,2.493190464483236
2023-09-16,4.705799403833996,46.33780382668249,2.765218129734812,5.152345400475257
2023-09-17,22.284271671241385,28.202367299368,3.543126493023167,1.6769098531166153
2023-09-18,27.08504393355152,80.4627656387719,1.834196629628667,1.5293055227645387
2023-09-19,16.209223542404093,63.57659106164045,5.1904003090448505,1.6931950992291942
2023-09-20,22.08491228936596,77.37550773356752,5.610019087884531,4.232815770035699
2023-09-21,19.600419157953386,55.41576549124379,4.996135012774695,3.2193326034747227
2023-09-22,19.585327430917314,45.4192507827844,5.711584682587563,3.2356529952850575
2023-09-23,,46.882693526071726,5.571243407222916,
2023-09-24,-4.939323457728171,46.87067151260384,1.4313440295332747,2.8521038570061243
2023-09-25,11.513097065839943,52.21904211583663,6.985329165997083,2.9246225011445177
2023-09-26,7.331289230585463,36.78417579174153,5.7381921527233954,0.28348726677639063
2023-09-27,12.22123124823936,54.199599070120975,0.1814522595475352,1.2753823915759102
2023-09-28,24.614512252982454,51.380862042273954,2.4799242443410545,0.20600651847839682
2023-09-29,,73.09792738731225,1.5347341531021859,
2023-09-30,16.507313753755234,68.05882930000799,4.867985015113879,2.0488984987559977
2023-10-01,3.1598319542247166,54.26230472644339,2.931971669528001,0.49256259362745536
2023-10-02,11.107050901334393,67.1392401415147,4.047938203986926,0.283554640319319
2023-10-03,7.276196526859595,43.56988255493614,7.469017514221751,2.03383185799732
2023-10-04,16.239595484519395,41.057464248104075,6.888531169202006,3.5060607178816707
2023-10-05,10.332464599261678,58.58733640379807,2.0844333122522807,0.3351902785336121
2023-10-06,24.02662274563166,61.53260692522582,4.915771276143599,4.691964591302629
2023-10-07,6.520453192097553,57.897443119789074,7.654225964211994,2.67141053258007
2023-10-08,35.0,80.33927514481098,2.1704589973953317,2.266686901211404
2023-10-09,0.27635160221878063,70.30982822252615,5.935888321049701,0.25786253596236214
2023-10-10,18.05716596391124,75.52442073137883,3.663551052863078,5.3112074211132745
2023-10-11,-1.105406667248161,51.70130414873119,2.1183333019306563,1.2828847020052654
2023-10-12,25.478938494203813,64.98798667331435,7.028304248104744,1.5340323247595806
2023-10-13,15.468828626561264,44.34762327384738,3.143033031959137,1.4374751609304228
2023-10-14,,49.0298501038593,3.70095630933108,
2023-10-15,6.027434693670225,64.96687438162066,3.2902067725289115,3.4617130291481364
2023-10-16,,46.65558078066532,6.106922366831831,
2023-10-17,,48.13095065967942,5.966843071397536,
2023-10-18,9.545847846536482,66.45997850122042,2.5162287090690185,1.9034298615244063
2023-10-19,14.834433688129922,48.541445157389504,4.231899732883218,0.25056226585711194
2023-10-20,,74.43293955086206,4.737558585743497,
2023-10-21,5.308519025153195,56.78596716043882,5.950858844926831,1.4232691376067983
2023-10-22,8.84692969847883,57.40763827020652,2.7846309337501554,0.5038940599458807
2023-10-23,12.26046873538293,63.76898646146079,6.7649511635897905,0.5951178349005203
2023-10-24,15.017476132548735,57.9794471881485,5.628969105819633,0.18029069330796096
2023-10-25,14.556758667642828,64.19972141481907,2.100637915400916,2.444393635810862
2023-10-26,6.348088591924746,46.23745308390789,4.969289017471448,0.3211351796377735
2023-10-27,22.590413720542003,20.0,4.978581275075401,3.1113954013070404
2023-10-28,25.895091421785644,38.806481002651125,2.5818376474307,4.408610919644411
2023-10-29,24.136010547662472,53.16984345170073,4.8530409391394835,0.5517920511360448
2023-10-30,22.062069983482964,67.35667167321137,4.004820882180379,0.6031048146050967
2023-10-31,-10.0,92.38008439198077,0.9373800464934772,0.2627373805164632
2023-11-01,5.01537243029709,51.10356360066764,0.0,1.5568779268347803
2023-11-02,,50.18879915272018,8.098263819709583,
2023-11-03,,65.0576680185921,3.7518349736880996,
2023-11-04,26.43910583969083,63.32440850293202,4.21598321550905,0.34827999142401045
2023-11-05,31.95140832046395,63.83537143037069,1.9469787660963211,1.863508177772053
2023-11-06,15.075702948368562,56.16440447342046,2.803185932417545,3.8832771017047607
2023-11-07,19.713299248534035,30.289701586837083,8.336539642163665,4.084220678081188
2023-11-08,11.407126955537073,62.959953905222704,8.835891445747963,0.8475368363226607
2023-11-09,26.696883254155594,59.28656151219235,0.2892995409764789,3.0911462196350112
2023-11-10,17.800266260701456,36.16550026783547,4.11498770809113,1.7946209695666528
2023-11-11,9.785804637895104,68.72153978481003,7.736163845806839,2.6402890773563654
2023-11-12,20.622967198182657,70.94605548055837,4.395848412707304,2.2593615887953176
2023-11-13,,68.37004883819647,5.36819957885443,
2023-11-14,,53.89649209393689,3.6609238756975984,
2023-11-15,21.933301091869676,63.3139245203043,5.030616676939364,2.880275452847353
2023-11-16,,46.5315236487099,6.891114221557405,
2023-11-17,32.86214546096852,39.21775154391,5.0434075518239485,0.2604103991003478
2023-11-18,16.500169331110154,58.515639477937334,1.5686296984438801,1.2401014210612544
2023-11-19,5.602694814667471,37.467950249562534,2.738600040328767,4.064847436936311
2023-11-20,-7.535351620867554,57.99796227920212,5.54674618117865,3.1363568204551284
2023-11-21,27.842447810191263,59.22040660479826,3.8643190078858582,1.7394072612102787
2023-11-22,,47.73964554481822,2.9095072473271637,
2023-11-23,8.720381709433466,89.11311479190033,1.8199447760085103,0.7847163912729196
2023-11-24,14.124107188992951,51.0203631347381,2.006362511577148,2.1207005989761076
2023-11-25,17.080009057424103,63.18327702534305,2.5697843224363965,3.041109292165283
2023-11-26,20.940689506598318,57.13596274710704,4.91349892489071,1.9019964192691676
2023-11-27,31.545069765684296,74.09228110857711,2.9655431517682733,1.0063061693290738
2023-11-28,1.9694362042458824,54.98196025307164,4.355875296335531,1.7190032643344368
2023-11-29,21.73652862812922,40.99412628567758,4.315306030288794,0.007660431296109523
2023-11-30,17.188243521216076,66.223687636285,5.537890851180889,2.660740919117617
2023-12-01,9.898639385718115,37.45748185671809,2.356111225380613,3.7153823123206595
2023-12-02,23.064607319171543,47.278045920464415,7.232845946552446,0.09436504063102182
2023-12-03,13.887039668878899,52.344617948369134,0.4819534156213856,1.0198471314591384
2023-12-04,14.19595279494561,52.91226464092223,3.3487659738845115,3.7777255650683514
2023-12-05,18.13790230779131,54.80345973750934,3.150526085915693,1.818292144875658
2023-12-06,,53.60973673921068,2.420371764355277,
2023-12-07,21.543956979965678,61.88462561854642,0.0,0.1821663386272263
2023-12-08,,49.80253477574606,6.426807669846757,
2023-12-09,31.90143040235851,66.52470835017195,5.658740471108628,2.3376615710088813
2023-12-10,17.283337344554965,47.3738208882278,4.997558173211483,1.781923107983345
2023-12-11,8.29960187393502,40.95932886918021,2.5474069214440433,0.12469592788690596
2023-12-12,18.08776479782187,43.02972405061388,2.9887327501395067,2.0586210438673946
2023-12-13,,53.82842638424576,3.3275129769291136,
2023-12-14,-0.7518892971973146,74.5654396035578,3.520643681455852,3.4536950810137355
2023-12-15,27.670577605588612,59.58722507721718,5.590190065097598,4.069360205414864
2023-12-16,18.40287027165423,53.08656084163593,3.0109349343928193,1.513817847903091
2023-12-17,14.696322118752049,59.39564416187585,2.286548188338929,3.7734564113943536
2023-12-18,8.136968583520861,41.851009399331936,4.293244742983336,1.0242596289034078
2023-12-19,,34.40451405137698,4.085099215386622,
2023-12-20,6.1634812959487215,45.18511213803058,5.007025611944936,1.3237019483581682
2023-12-21,-4.89215116207528,44.26820095012084,6.777510666624996,1.636426499016615
2023-12-22,7.869792899694285,95.98881419335646,3.1860233347575075,2.9087695034733554
2023-12-23,12.274529320279624,88.82580452149509,5.864336605418495,1.8429391411296185
2023-12-24,21.131431948537315,88.67073302961592,4.284287042685375,3.873819715344478
2023-12-25,12.811959678439047,41.75662543986048,6.048769660093985,5.492242717567221
2023-12-26,3.5490652544664303,86.32146534483616,6.4642613653769105,1.4762731161849822
2023-12-27,8.388947722510455,49.311605931919125,2.4854187560388916,2.529398958514876
2023-12-28,15.206399036549998,84.67352649705519,7.958944416382368,1.3136988059970909
2023-12-29,,66.57970102511052,4.362195850387522,
2023-12-30,23.13184694196581,45.11258209625779,1.7053912763950545,0.062013003164546075
2023-12-31,1.380298439444776,84.82503003708055,1.722134697942224,2.536025113085732
